Workbook

Sheet Dashboard
B1: ERP
D2: لوحة التحكم
D3: النسخة النهائية v10 - ملف جاهز مع حزمة Apps Script
B4: Dashboard
D5: إجمالي المبيعات | H5: إجمالي المصروفات | L5: صافي الربح
B7: إدخال فاتورة | D7: ='مساعد الداش'!B2 -> 24552.5 | H7: ='مساعد الداش'!B3 -> 1350 | L7: ='مساعد الداش'!B4 -> 23202.5
B10: المبيعات | D10: عدد الفواتير | H10: عدد العملاء | L10: فواتير غير مدفوعة
D12: ='مساعد الداش'!B5 -> 5 | H12: ='مساعد الداش'!B6 -> 3 | L12: ='مساعد الداش'!B7 -> 1
B13: العملاء
B16: المشاريع | D16: إدخال فاتورة | H16: المبيعات | L16: التقارير
B19: المصروفات
B22: التقارير | D22: أفضل العملاء | H22: ملخص شهري
D23: العميل | E23: الإجمالي | H23: الشهر | I23: المبيعات | J23: المصروفات
D24: ='مساعد الداش'!K2 -> شركة المدار | E24: ='مساعد الداش'!L2 -> 7705 | H24: ='مساعد الداش'!D2 -> 2026-01 | I24: ='مساعد الداش'!E2 -> 8050 | J24: ='مساعد الداش'!F2 -> 550
B25: البحث | D25: ='مساعد الداش'!K3 -> مؤسسة النور | E25: ='مساعد الداش'!L3 -> 8567.5 | H25: ='مساعد الداش'!D3 -> 2026-02 | I25: ='مساعد الداش'!E3 -> 10810 | J25: ='مساعد الداش'!F3 -> 500
D26: ='مساعد الداش'!K4 -> شركة السرعة | E26: ='مساعد الداش'!L4 -> 8280 | H26: ='مساعد الداش'!D4 -> 2026-03 | I26: ='مساعد الداش'!E4 -> 5692.5 | J26: ='مساعد الداش'!F4 -> 300
H27: ='مساعد الداش'!D5 -> 2026-04 | I27: ='مساعد الداش'!E5 -> 0 | J27: ='مساعد الداش'!F5 -> 0
B28: الإعدادات | H28: ='مساعد الداش'!D6 -> 2026-05 | I28: ='مساعد الداش'!E6 -> 0 | J28: ='مساعد الداش'!F6 -> 0
H29: ='مساعد الداش'!D7 -> 2026-06 | I29: ='مساعد الداش'!E7 -> 0 | J29: ='مساعد الداش'!F7 -> 0

Sheet إدخال فاتورة
B1: ERP
D2: إدخال فاتورة
D3: جاهز للعمل مع السكربت النهائي. الخلايا الصفراء للإدخال فقط.
B4: Dashboard
D5: التاريخ | E5: =TODAY() -> 46089
D6: الشهر | E6: =TEXT(E5,"yyyy-mm") -> 2026-03
B7: إدخال فاتورة | D7: العميل
D8: المشروع
D9: الوصف
B10: المبيعات | D10: الكمية | E10: 1
D11: السعر | E11: 0
D12: قبل الضريبة | E12: =IFERROR(E10*E11,0) -> 0
B13: العملاء | D13: الضريبة | E13: =IFERROR(E12*الإعدادات!$E$5,0) -> 0
D14: الإجمالي | E14: =IFERROR(E12+E13,0) -> 0
D15: الحالة | E15: غير مدفوع
B16: المشاريع | D16: المستخدم | E16: admin
D18: رقم الفاتورة التالي | E18: =_xludf.CONCAT("INV-",TEXT(الإعدادات!E7+1,"00000")) -> #NAME?
B19: المصروفات
B22: التقارير | D22: رقم الفاتورة | E22: التاريخ | F22: الشهر | G22: العميل | H22: المشروع | I22: الوصف | J22: الكمية | K22: السعر | L22: قبل الضريبة | M22: الضريبة | N22: الإجمالي | O22: الحالة | P22: المستخدم | Q22: رابط PDF
D23: =E18 -> #NAME? | E23: =E5 -> 46089 | F23: =E6 -> 2026-03 | G23: =E7 -> 0 | H23: =E8 -> 0 | I23: =E9 -> 0 | J23: =E10 -> 1 | K23: =E11 -> 0 | L23: =E12 -> 0 | M23: =E13 -> 0 | N23: =E14 -> 0 | O23: =E15 -> غير مدفوع | P23: =E16 -> admin | Q23: =""
B25: البحث
B28: الإعدادات

Sheet المبيعات
A2: المبيعات
A4: رقم الفاتورة | B4: التاريخ | C4: الشهر | D4: العميل | E4: المشروع | F4: الوصف | G4: الكمية | H4: السعر | I4: قبل الضريبة | J4: الضريبة | K4: الإجمالي النهائي | L4: الحالة | M4: المستخدم | N4: رابط PDF
A5: INV-1001 | B5: 2026-01-12 | C5: 2026-01 | D5: شركة المدار | E5: توريد قطع | F5: فاتورة توريد | G5: 3 | H5: 1500 | I5: =IFERROR(G5*H5,0) -> 4500 | J5: =IFERROR(I5*الإعدادات!$E$5,0) -> 675 | K5: =IFERROR(I5+J5,0) -> 5175 | L5: مدفوع | M5: admin
A6: INV-1002 | B6: 2026-01-29 | C6: 2026-01 | D6: مؤسسة النور | E6: خدمة صيانة | F6: خدمة شهرية | G6: 2 | H6: 1250 | I6: =IFERROR(G6*H6,0) -> 2500 | J6: =IFERROR(I6*الإعدادات!$E$5,0) -> 375 | K6: =IFERROR(I6+J6,0) -> 2875 | L6: غير مدفوع | M6: admin
A7: INV-1003 | B7: 2026-02-08 | C7: 2026-02 | D7: شركة السرعة | E7: عقد نقل | F7: دفعة أولى | G7: 4 | H7: 1800 | I7: =IFERROR(G7*H7,0) -> 7200 | J7: =IFERROR(I7*الإعدادات!$E$5,0) -> 1080 | K7: =IFERROR(I7+J7,0) -> 8280 | L7: مدفوع | M7: sales
A8: INV-1004 | B8: 2026-02-19 | C8: 2026-02 | D8: شركة المدار | E8: توريد قطع | F8: فاتورة توريد | G8: 1 | H8: 2200 | I8: =IFERROR(G8*H8,0) -> 2200 | J8: =IFERROR(I8*الإعدادات!$E$5,0) -> 330 | K8: =IFERROR(I8+J8,0) -> 2530 | L8: ملغي | M8: sales
A9: INV-1005 | B9: 2026-03-02 | C9: 2026-03 | D9: مؤسسة النور | E9: خدمة صيانة | F9: خدمة إضافية | G9: 5 | H9: 990 | I9: =IFERROR(G9*H9,0) -> 4950 | J9: =IFERROR(I9*الإعدادات!$E$5,0) -> 742.5 | K9: =IFERROR(I9+J9,0) -> 5692.5 | L9: مدفوع | M9: account

Sheet العملاء
A2: العملاء
A4: رقم العميل | B4: اسم العميل | C4: الهاتف | D4: البريد | E4: المدينة | F4: الحالة
A5: C-001 | B5: شركة المدار | C5: 0500000001 | D5: info@almadar.sa | E5: جدة | F5: نشط
A6: C-002 | B6: مؤسسة النور | C6: 0500000002 | D6: sales@alnoor.sa | E6: مكة | F6: نشط
A7: C-003 | B7: شركة السرعة | C7: 0500000003 | D7: ops@speed.sa | E7: الرياض | F7: نشط

Sheet المشاريع
A2: المشاريع
A4: رقم المشروع | B4: اسم المشروع | C4: العميل | D4: الحالة | E4: قيمة المشروع | F4: تاريخ البدء
A5: P-001 | B5: توريد قطع | C5: شركة المدار | D5: مفتوح | E5: 12000 | F5: 2026-01-10
A6: P-002 | B6: خدمة صيانة | C6: مؤسسة النور | D6: مفتوح | E6: 8500 | F6: 2026-02-02
A7: P-003 | B7: عقد نقل | C7: شركة السرعة | D7: مغلق | E7: 15000 | F7: 2026-02-20

Sheet المصروفات
A2: المصروفات
A4: التاريخ | B4: الشهر | C4: الوصف | D4: الفئة | E4: القيمة | F4: المستخدم
A5: 2026-01-15 | B5: 2026-01 | C5: وقود | D5: تشغيلي | E5: 350 | F5: admin
A6: 2026-01-28 | B6: 2026-01 | C6: مستلزمات | D6: مكتبي | E6: 200 | F6: admin
A7: 2026-02-10 | B7: 2026-02 | C7: صيانة | D7: تشغيلي | E7: 500 | F7: account
A8: 2026-03-01 | B8: 2026-03 | C8: اتصالات | D8: إداري | E8: 300 | F8: account

Sheet التقارير
B1: ERP
B4: Dashboard
B7: إدخال فاتورة
B10: المبيعات
B13: العملاء
B16: المشاريع
B19: المصروفات
B22: التقارير
B25: البحث
B28: الإعدادات

Sheet البحث
B1: ERP
D2: البحث
B4: Dashboard | D4: رقم الفاتورة أو اسم العميل
D6: حالة المطابقة | E6: =IF(E4="","أدخل قيمة بحث",IF(COUNTIF(المبيعات!A:A,E4)+COUNTIF(المبيعات!D:D,E4)>0,"تم العثور على نتيجة","لا توجد نتيجة")) -> أدخل قيمة بحث
B7: إدخال فاتورة | D7: التاريخ | E7: =IFERROR(INDEX(المبيعات!B:B,MATCH(E4,المبيعات!A:A,0)),IFERROR(INDEX(المبيعات!B:B,MATCH(E4,المبيعات!D:D,0)),""))
D8: العميل | E8: =IFERROR(INDEX(المبيعات!D:D,MATCH(E4,المبيعات!A:A,0)),IFERROR(INDEX(المبيعات!D:D,MATCH(E4,المبيعات!D:D,0)),""))
D9: المشروع | E9: =IFERROR(INDEX(المبيعات!E:E,MATCH(E4,المبيعات!A:A,0)),IFERROR(INDEX(المبيعات!E:E,MATCH(E4,المبيعات!D:D,0)),""))
B10: المبيعات | D10: الإجمالي | E10: =IFERROR(INDEX(المبيعات!K:K,MATCH(E4,المبيعات!A:A,0)),IFERROR(INDEX(المبيعات!K:K,MATCH(E4,المبيعات!D:D,0)),0)) -> 0
D11: الحالة | E11: =IFERROR(INDEX(المبيعات!L:L,MATCH(E4,المبيعات!A:A,0)),IFERROR(INDEX(المبيعات!L:L,MATCH(E4,المبيعات!D:D,0)),""))
B13: العملاء
B16: المشاريع
B19: المصروفات
B22: التقارير
B25: البحث
B28: الإعدادات

Sheet الإعدادات
B1: ERP
D2: إعدادات النظام
B4: Dashboard | D4: اسم الشركة | E4: أسس الأسطول
D5: ضريبة القيمة المضافة | E5: 0.15
D6: عملة النظام | E6: ر.س
B7: إدخال فاتورة | D7: آخر رقم فاتورة | E7: 1005
B10: المبيعات
B13: العملاء
B16: المشاريع
B19: المصروفات
B22: التقارير
B25: البحث
B28: الإعدادات

Sheet أرشيف PDF
A2: أرشيف PDF
A4: رقم الفاتورة | B4: التاريخ | C4: العميل | D4: الإجمالي | E4: رابط PDF

Sheet تعليمات
B1: ERP
D2: الحزمة النهائية
B4: Dashboard | D4: 1) ارفع ملف ERP_v10_GoogleSheets_Ready.xlsx إلى Google Drive
D5: 2) افتحه باستخدام Google Sheets
D6: 3) افتح Extensions > Apps Script
B7: إدخال فاتورة | D7: 4) الصق محتوى Code.gs المرفق في الحزمة
D8: 5) احفظ السكربت - سيظهر Menu باسم ERP
D9: 6) استخدم القائمة ERP للتنقل وحفظ الفاتورة
B10: المبيعات
B13: العملاء
B16: المشاريع
B19: المصروفات
B22: التقارير
B25: البحث
B28: الإعدادات

Sheet قوائم

Sheet مساعد الداش
A2: إجمالي المبيعات | B2: =SUM(المبيعات!K5:K1000) -> 24552.5 | D2: 2026-01 | E2: =SUMIF(المبيعات!C:C,D2,المبيعات!K:K) -> 8050 | F2: =SUMIF(المصروفات!B:B,D2,المصروفات!E:E) -> 550 | H2: مدفوع | I2: =COUNTIF(المبيعات!L:L,H2) -> 3 | K2: =العملاء!B5 -> شركة المدار | L2: =SUMIF(المبيعات!D:D,K2,المبيعات!K:K) -> 7705
A3: إجمالي المصروفات | B3: =SUM(المصروفات!E5:E1000) -> 1350 | D3: 2026-02 | E3: =SUMIF(المبيعات!C:C,D3,المبيعات!K:K) -> 10810 | F3: =SUMIF(المصروفات!B:B,D3,المصروفات!E:E) -> 500 | H3: غير مدفوع | I3: =COUNTIF(المبيعات!L:L,H3) -> 1 | K3: =العملاء!B6 -> مؤسسة النور | L3: =SUMIF(المبيعات!D:D,K3,المبيعات!K:K) -> 8567.5
A4: صافي الربح | B4: =B2-B3 -> 23202.5 | D4: 2026-03 | E4: =SUMIF(المبيعات!C:C,D4,المبيعات!K:K) -> 5692.5 | F4: =SUMIF(المصروفات!B:B,D4,المصروفات!E:E) -> 300 | H4: ملغي | I4: =COUNTIF(المبيعات!L:L,H4) -> 1 | K4: =العملاء!B7 -> شركة السرعة | L4: =SUMIF(المبيعات!D:D,K4,المبيعات!K:K) -> 8280
A5: عدد الفواتير | B5: =COUNTIF(المبيعات!A5:A1000,"<>") -> 5 | D5: 2026-04 | E5: =SUMIF(المبيعات!C:C,D5,المبيعات!K:K) -> 0 | F5: =SUMIF(المصروفات!B:B,D5,المصروفات!E:E) -> 0
A6: عدد العملاء | B6: =COUNTIF(العملاء!A5:A1000,"<>") -> 3 | D6: 2026-05 | E6: =SUMIF(المبيعات!C:C,D6,المبيعات!K:K) -> 0 | F6: =SUMIF(المصروفات!B:B,D6,المصروفات!E:E) -> 0
A7: فواتير غير مدفوعة | B7: =COUNTIF(المبيعات!L5:L1000,"غير مدفوع") -> 1 | D7: 2026-06 | E7: =SUMIF(المبيعات!C:C,D7,المبيعات!K:K) -> 0 | F7: =SUMIF(المصروفات!B:B,D7,المصروفات!E:E) -> 0
